{
  "Afrikaans": "af-ZA",
  "አማርኛ": "am-ET",
  "Azərbaycanca": "az-AZ",
  "বাংলা": { "বাংলাদেশ": "bn-BD", "ভারত": "bn-IN" },
  "Bahasa Indonesia": "id-ID",
  "Bahasa Melayu": "ms-MY",
  "Català": "ca-ES",
  "Čeština": "cs-CZ",
  "Dansk": "da-DK",
  "Deutsch": "de-DE",
  "English": {
    "Australia": "en-AU",
    "Canada": "en-CA",
    "India": "en-IN",
    "Kenya": "en-KE",
    "Tanzania": "en-TZ",
    "Ghana": "en-GH",
    "New Zealand": "en-NZ",
    "Nigeria": "en-NG",
    "South Africa": "en-ZA",
    "Philippines": "en-PH",
    "United Kingdom": "en-GB",
    "United States": "en-US"
  },
  "Español": {
    "Argentina": "es-AR",
    "Bolivia": "es-BO",
    "Chile": "es-CL",
    "Colombia": "es-CO",
    "Costa Rica": "es-CR",
    "Ecuador": "es-EC",
    "El Salvador": "es-SV",
    "España": "es-ES",
    "Estados Unidos": "es-US",
    "Guatemala": "es-GT",
    "Honduras": "es-HN",
    "México": "es-MX",
    "Nicaragua": "es-NI",
    "Panamá": "es-PA",
    "Paraguay": "es-PY",
    "Perú": "es-PE",
    "Puerto Rico": "es-PR",
    "República Dominicana": "es-DO",
    "Uruguay": "es-UY",
    "Venezuela": "es-VE"
  },
  "Euskara": "eu-ES",
  "Filipino": "fil-PH",
  "Français": "fr-FR",
  "Basa Jawa": "jv-ID",
  "Galego": "gl-ES",
  "ગુજરાતી": "gu-IN",
  "Hrvatski": "hr-HR",
  "IsiZulu": "zu-ZA",
  "Íslenska": "is-IS",
  "Italiano": { "Italia": "it-IT", "Svizzera": "it-CH" },
  "ಕನ್ನಡ": "kn-IN",
  "ភាសាខ្មែរ": "km-KH",
  "Latviešu": "lv-LV",
  "Lietuvių": "lt-LT",
  "മലയാളം": "ml-IN",
  "मराठी": "mr-IN",
  "Magyar": "hu-HU",
  "ລາວ": "lo-LA",
  "Nederlands": "nl-NL",
  "नेपाली भाषा": "ne-NP",
  "Norsk bokmål": "nb-NO",
  "Polski": "pl-PL",
  "Português": { "Brasil": "pt-BR", "Portugal": "pt-PT" },
  "Română": "ro-RO",
  "සිංහල": "si-LK",
  "Slovenščina": "sl-SI",
  "Basa Sunda": "su-ID",
  "Slovenčina": "sk-SK",
  "Suomi": "fi-FI",
  "Svenska": "sv-SE",
  "Kiswahili": { "Tanzania": "sw-TZ", "Kenya": "sw-KE" },
  "ქართული": "ka-GE",
  "Հայերեն": "hy-AM",
  "தமிழ்": {
    "இந்தியா": "ta-IN",
    "சிங்கப்பூர்": "ta-SG",
    "இலங்கை": "ta-LK",
    "மலேசியா": "ta-MY"
  },
  "తెలుగు": "te-IN",
  "Tiếng Việt": "vi-VN",
  "Türkçe": "tr-TR",
  "اُردُو": { "پاکستان": "ur-PK", "بھارت": "ur-IN" },
  "Ελληνικά": "el-GR",
  "български": "bg-BG",
  "Pусский": "ru-RU",
  "Српски": "sr-RS",
  "Українська": "uk-UA",
  "한국어": "ko-KR",
  "中文": {
    "普通话 (中国大陆)": "cmn-Hans-CN",
    "普通话 (香港)": "cmn-Hans-HK",
    "中文 (台灣)": "cmn-Hant-TW",
    "粵語 (香港)": "yue-Hant-HK"
  },
  "日本語": "ja-JP",
  "हिन्दी": "hi-IN",
  "ภาษาไทย": "th-TH"
}